observation_date,PPIENG
2000-01-01,88.400
2000-02-01,93.100
2000-03-01,96.100
2000-04-01,93.700
2000-05-01,96.600
2000-06-01,107.400
2000-07-01,107.100
2000-08-01,105.100
2000-09-01,112.700
2000-10-01,113.700
2000-11-01,112.000
2000-12-01,116.500
2001-01-01,131.800
2001-02-01,119.600
2001-03-01,111.300
2001-04-01,113.300
2001-05-01,114.500
2001-06-01,109.200
2001-07-01,100.700
2001-08-01,101.000
2001-09-01,100.700
2001-10-01,89.200
2001-11-01,89.100
2001-12-01,82.600
2002-01-01,84.000
2002-02-01,82.500
2002-03-01,87.400
2002-04-01,93.700
2002-05-01,93.400
2002-06-01,92.900
2002-07-01,93.500
2002-08-01,94.500
2002-09-01,97.500
2002-10-01,99.700
2002-11-01,99.500
2002-12-01,99.400
2003-01-01,106.500
2003-02-01,114.900
2003-03-01,129.600
2003-04-01,110.000
2003-05-01,108.500
2003-06-01,114.300
2003-07-01,114.000
2003-08-01,113.700
2003-09-01,113.000
2003-10-01,110.700
2003-11-01,108.600
2003-12-01,111.000
2004-01-01,118.900
2004-02-01,118.000
2004-03-01,117.500
2004-04-01,120.400
2004-05-01,126.000
2004-06-01,127.800
2004-07-01,129.400
2004-08-01,130.700
2004-09-01,127.700
2004-10-01,134.600
2004-11-01,139.700
2004-12-01,132.700
2005-01-01,132.300
2005-02-01,134.200
2005-03-01,140.900
2005-04-01,146.500
2005-05-01,143.700
2005-06-01,146.000
2005-07-01,154.800
2005-08-01,160.700
2005-09-01,177.600
2005-10-01,190.700
2005-11-01,177.400
2005-12-01,172.100
2006-01-01,175.600
2006-02-01,163.500
2006-03-01,163.800
2006-04-01,170.500
2006-05-01,172.900
2006-06-01,171.500
2006-07-01,173.400
2006-08-01,176.600
2006-09-01,163.800
2006-10-01,148.500
2006-11-01,158.400
2006-12-01,161.800
2007-01-01,152.400
2007-02-01,160.200
2007-03-01,167.900
2007-04-01,174.700
2007-05-01,181.300
2007-06-01,182.400
2007-07-01,186.700
2007-08-01,176.300
2007-09-01,178.900
2007-10-01,180.900
2007-11-01,196.900
2007-12-01,192.600
2008-01-01,195.900
2008-02-01,199.500
2008-03-01,217.100
2008-04-01,224.700
2008-05-01,243.200
2008-06-01,254.800
2008-07-01,268.700
2008-08-01,237.900
2008-09-01,230.200
2008-10-01,194.500
2008-11-01,162.600
2008-12-01,145.700
2009-01-01,148.500
2009-02-01,143.600
2009-03-01,140.200
2009-04-01,144.800
2009-05-01,152.200
2009-06-01,165.000
2009-07-01,160.700
2009-08-01,169.600
2009-09-01,164.900
2009-10-01,166.800
2009-11-01,174.700
2009-12-01,173.200
2010-01-01,185.600
2010-02-01,178.900
2010-03-01,183.400
2010-04-01,184.400
2010-05-01,184.600
2010-06-01,184.100
2010-07-01,186.300
2010-08-01,188.400
2010-09-01,184.500
2010-10-01,187.600
2010-11-01,188.400
2010-12-01,193.600
2011-01-01,198.400
2011-02-01,201.900
2011-03-01,214.200
2011-04-01,223.900
2011-05-01,227.600
2011-06-01,224.000
2011-07-01,225.500
2011-08-01,217.400
2011-09-01,219.900
2011-10-01,212.400
2011-11-01,215.100
2011-12-01,210.900
2012-01-01,210.900
2012-02-01,212.100
2012-03-01,219.600
2012-04-01,217.300
2012-05-01,210.400
2012-06-01,205.500
2012-07-01,205.100
2012-08-01,214.600
2012-09-01,220.500
2012-10-01,215.900
2012-11-01,207.300
2012-12-01,205.600
2013-01-01,207.000
2013-02-01,214.100
2013-03-01,211.200
2013-04-01,211.600
2013-05-01,213.300
2013-06-01,214.000
2013-07-01,215.300
2013-08-01,216.800
2013-09-01,216.500
2013-10-01,210.400
2013-11-01,204.400
2013-12-01,206.800
2014-01-01,209.800
2014-02-01,216.400
2014-03-01,218.900
2014-04-01,219.600
2014-05-01,219.100
2014-06-01,220.900
2014-07-01,218.600
2014-08-01,215.400
2014-09-01,212.200
2014-10-01,199.700
2014-11-01,190.300
2014-12-01,177.200
2015-01-01,158.800
2015-02-01,159.800
2015-03-01,162.600
2015-04-01,160.500
2015-05-01,170.100
2015-06-01,174.400
2015-07-01,172.100
2015-08-01,166.100
2015-09-01,158.200
2015-10-01,153.400
2015-11-01,148.400
2015-12-01,141.900
2016-01-01,136.400
2016-02-01,130.900
2016-03-01,134.100
2016-04-01,137.700
2016-05-01,144.300
2016-06-01,152.100
2016-07-01,153.800
2016-08-01,150.800
2016-09-01,153.400
2016-10-01,154.000
2016-11-01,149.400
2016-12-01,154.300
2017-01-01,161.200
2017-02-01,161.100
2017-03-01,157.100
2017-04-01,160.900
2017-05-01,159.700
2017-06-01,161.200
2017-07-01,161.700
2017-08-01,164.300
2017-09-01,169.200
2017-10-01,167.200
2017-11-01,169.600
2017-12-01,170.900
2018-01-01,174.400
2018-02-01,177.200
2018-03-01,172.000
2018-04-01,176.000
2018-05-01,184.500
2018-06-01,188.000
2018-07-01,189.400
2018-08-01,187.300
2018-09-01,188.400
2018-10-01,190.000
2018-11-01,179.400
2018-12-01,172.700
2019-01-01,163.900
2019-02-01,164.600
2019-03-01,170.800
2019-04-01,175.400
2019-05-01,175.600
2019-06-01,169.900
2019-07-01,172.300
2019-08-01,168.900
2019-09-01,167.600
2019-10-01,164.800
2019-11-01,165.400
2019-12-01,165.200
2020-01-01,163.600
2020-02-01,154.900
2020-03-01,140.200
2020-04-01,116.100
2020-05-01,122.200
2020-06-01,137.300
2020-07-01,144.400
2020-08-01,147.500
2020-09-01,147.700
2020-10-01,146.400
2020-11-01,151.000
2020-12-01,157.000
2021-01-01,163.100
2021-02-01,179.000
2021-03-01,185.500
2021-04-01,181.400
2021-05-01,191.900
2021-06-01,198.700
2021-07-01,208.007
2021-08-01,207.026
2021-09-01,212.739
2021-10-01,227.183
2021-11-01,229.943
2021-12-01,216.915
2022-01-01,226.762
2022-02-01,244.941
2022-03-01,261.558
2022-04-01,270.959
2022-05-01,296.372
2022-06-01,326.021
2022-07-01,295.257
2022-08-01,286.905
2022-09-01,283.920
2022-10-01,275.243
2022-11-01,263.359
2022-12-01,242.782
2023-01-01,250.787
2023-02-01,244.528
2023-03-01,236.186
2023-04-01,233.742
2023-05-01,222.929
2023-06-01,225.588
2023-07-01,230.074
2023-08-01,248.819
2023-09-01,254.484
2023-10-01,240.084
2023-11-01,230.136
2023-12-01,217.245
2024-01-01,220.831
2024-02-01,230.889
2024-03-01,230.625
2024-04-01,235.745
2024-05-01,225.604
2024-06-01,227.670
2024-07-01,233.455
2024-08-01,227.004
2024-09-01,214.634
2024-10-01,216.314
2024-11-01,211.360
2024-12-01,212.198
2025-01-01,223.307
2025-02-01,224.582
2025-03-01,219.177
2025-04-01,216.901
2025-05-01,214.274
2025-06-01,220.617
2025-07-01,225.536
2025-08-01,222.341
2025-09-01,221.329
2025-10-01,214.025
2025-11-01,216.331
2025-12-01,210.140
